[{"inputs":[{"internalType":"address","name":"vat_","type":"address"},{"internalType":"address","name":"spotter_","type":"address"},{"internalType":"address","name":"dog_","type":"address"},{"internalType":"bytes32","name":"ilk_","type":"bytes32"}],"stateMutability":"nonpayable","type":"constructor"},{"anonymous":false,"inputs":[{"indexed":true,"internalType":"address","name":"usr","type":"address"}],"name":"Deny","type":"event"},{"anonymous":false,"inputs":[{"indexed":true,"internalType":"bytes32","name":"what","type":"bytes32"},{"indexed":false,"internalType":"uint256","name":"data","type":"uint256"}],"name":"File","type":"event"},{"anonymous":false,"inputs":[{"indexed":true,"internalType":"bytes32","name":"what","type":"bytes32"},{"indexed":false,"internalType":"address","name":"data","type":"address"}],"name":"File","type":"event"},{"anonymous":false,"inputs":[{"indexed":true,"internalType":"uint256","name":"id","type":"uint256"},{"indexed":false,"internalType":"uint256","name":"top","type":"uint256"},{"indexed":false,"internalType":"uint256","name":"tab","type":"uint256"},{"indexed":false,"internalType":"uint256","name":"lot","type":"uint256"},{"indexed":true,"internalType":"address","name":"usr","type":"address"},{"indexed":true,"internalType":"address","name":"kpr","type":"address"},{"indexed":false,"internalType":"uint256","name":"coin","type":"uint256"}],"name":"Kick","type":"event"},{"anonymous":false,"inputs":[{"indexed":true,"internalType":"uint256","name":"id","type":"uint256"},{"indexed":false,"internalType":"uint256","name":"top","type":"uint256"},{"indexed":false,"internalType":"uint256","name":"tab","type":"uint256"},{"indexed":false,"internalType":"uint256","name":"lot","type":"uint256"},{"indexed":true,"internalType":"address","name":"usr","type":"address"},{"indexed":true,"internalType":"address","name":"kpr","type":"address"},{"indexed":false,"internalType":"uint256","name":"coin","type":"uint256"}],"name":"Redo","type":"event"},{"anonymous":false,"inputs":[{"indexed":true,"internalType":"address","name":"usr","type":"address"}],"name":"Rely","type":"event"},{"anonymous":false,"inputs":[{"indexed":true,"internalType":"uint256","name":"id","type":"uint256"},{"indexed":false,"internalType":"uint256","name":"max","type":"uint256"},{"indexed":false,"internalType":"uint256","name":"price","type":"uint256"},{"indexed":false,"internalType":"uint256","name":"owe","type":"uint256"},{"indexed":false,"internalType":"uint256","name":"tab","type":"uint256"},{"indexed":false,"internalType":"uint256","name":"lot","type":"uint256"},{"indexed":true,"internalType":"address","name":"usr","type":"address"}],"name":"Take","type":"event"},{"anonymous":false,"inputs":[{"indexed":false,"internalType":"uint256","name":"id","type":"uint256"}],"name":"Yank","type":"event"},{"inputs":[{"internalType":"uint256","name":"","type":"uint256"}],"name":"active","outputs":[{"internalType":"uint256","name":"","type":"uint256"}],"stateMutability":"view","type":"function"},{"inputs":[],"name":"buf","outputs":[{"internalType":"uint256","name":"","type":"uint256"}],"stateMutability":"view","type":"function"},{"inputs":[],"name":"calc","outputs":[{"internalType":"contract AbacusLike","name":"","type":"address"}],"stateMutability":"view","type":"function"},{"inputs":[],"name":"chip","outputs":[{"internalType":"uint64","name":"","type":"uint64"}],"stateMutability":"view","type":"function"},{"inputs":[],"name":"chost","outputs":[{"internalType":"uint256","name":"","type":"uint256"}],"stateMutability":"view","type":"function"},{"inputs":[],"name":"count","outputs":[{"internalType":"uint256","name":"","type":"uint256"}],"stateMutability":"view","type":"function"},{"inputs":[],"name":"cusp","outputs":[{"internalType":"uint256","name":"","type":"uint256"}],"stateMutability":"view","type":"function"},{"inputs":[{"internalType":"address","name":"usr","type":"address"}],"name":"deny","outputs":[],"stateMutability":"nonpayable","type":"function"},{"inputs":[],"name":"dog","outputs":[{"internalType":"contract DogLike","name":"","type":"address"}],"stateMutability":"view","type":"function"},{"inputs":[{"internalType":"bytes32","name":"what","type":"bytes32"},{"internalType":"uint256","name":"data","type":"uint256"}],"name":"file","outputs":[],"stateMutability":"nonpayable","type":"function"},{"inputs":[{"internalType":"bytes32","name":"what","type":"bytes32"},{"internalType":"address","name":"data","type":"address"}],"name":"file","outputs":[],"stateMutability":"nonpayable","type":"function"},{"inputs":[{"internalType":"uint256","name":"id","type":"uint256"}],"name":"getStatus","outputs":[{"internalType":"bool","name":"needsRedo","type":"bool"},{"internalType":"uint256","name":"price","type":"uint256"},{"internalType":"uint256","name":"lot","type":"uint256"},{"internalType":"uint256","name":"tab","type":"uint256"}],"stateMutability":"view","type":"function"},{"inputs":[],"name":"ilk","outputs":[{"internalType":"bytes32","name":"","type":"bytes32"}],"stateMutability":"view","type":"function"},{"inputs":[{"internalType":"uint256","name":"tab","type":"uint256"},{"internalType":"uint256","name":"lot","type":"uint256"},{"internalType":"address","name":"usr","type":"address"},{"internalType":"address","name":"kpr","type":"address"}],"name":"kick","outputs":[{"internalType":"uint256","name":"id","type":"uint256"}],"stateMutability":"nonpayable","type":"function"},{"inputs":[],"name":"kicks","outputs":[{"internalType":"uint256","name":"","type":"uint256"}],"stateMutability":"view","type":"function"},{"inputs":[],"name":"list","outputs":[{"internalType":"uint256[]","name":"","type":"uint256[]"}],"stateMutability":"view","type":"function"},{"inputs":[{"internalType":"uint256","name":"id","type":"uint256"},{"internalType":"address","name":"kpr","type":"address"}],"name":"redo","outputs":[],"stateMutability":"nonpayable","type":"function"},{"inputs":[{"internalType":"address","name":"usr","type":"address"}],"name":"rely","outputs":[],"stateMutability":"nonpayable","type":"function"},{"inputs":[{"internalType":"uint256","name":"","type":"uint256"}],"name":"sales","outputs":[{"internalType":"uint256","name":"pos","type":"uint256"},{"internalType":"uint256","name":"tab","type":"uint256"},{"internalType":"uint256","name":"lot","type":"uint256"},{"internalType":"address","name":"usr","type":"address"},{"internalType":"uint96","name":"tic","type":"uint96"},{"internalType":"uint256","name":"top","type":"uint256"}],"stateMutability":"view","type":"function"},{"inputs":[],"name":"spotter","outputs":[{"internalType":"contract SpotterLike","name":"","type":"address"}],"stateMutability":"view","type":"function"},{"inputs":[],"name":"stopped","outputs":[{"internalType":"uint256","name":"","type":"uint256"}],"stateMutability":"view","type":"function"},{"inputs":[],"name":"tail","outputs":[{"internalType":"uint256","name":"","type":"uint256"}],"stateMutability":"view","type":"function"},{"inputs":[{"internalType":"uint256","name":"id","type":"uint256"},{"internalType":"uint256","name":"amt","type":"uint256"},{"internalType":"uint256","name":"max","type":"uint256"},{"internalType":"address","name":"who","type":"address"},{"internalType":"bytes","name":"data","type":"bytes"}],"name":"take","outputs":[],"stateMutability":"nonpayable","type":"function"},{"inputs":[],"name":"tip","outputs":[{"internalType":"uint192","name":"","type":"uint192"}],"stateMutability":"view","type":"function"},{"inputs":[],"name":"upchost","outputs":[],"stateMutability":"nonpayable","type":"function"},{"inputs":[],"name":"vat","outputs":[{"internalType":"contract VatLike","name":"","type":"address"}],"stateMutability":"view","type":"function"},{"inputs":[],"name":"vow","outputs":[{"internalType":"address","name":"","type":"address"}],"stateMutability":"view","type":"function"},{"inputs":[{"internalType":"address","name":"","type":"address"}],"name":"wards","outputs":[{"internalType":"uint256","name":"","type":"uint256"}],"stateMutability":"view","type":"function"},{"inputs":[{"internalType":"uint256","name":"id","type":"uint256"}],"name":"yank","outputs":[],"stateMutability":"nonpayable","type":"function"}]
