[{"inputs":[{"internalType":"address","name":"vat_","type":"address"}],"stateMutability":"nonpayable","type":"constructor"},{"anonymous":false,"inputs":[{"indexed":true,"internalType":"bytes32","name":"ilk","type":"bytes32"},{"indexed":true,"internalType":"address","name":"urn","type":"address"},{"indexed":false,"internalType":"uint256","name":"ink","type":"uint256"},{"indexed":false,"internalType":"uint256","name":"art","type":"uint256"},{"indexed":false,"internalType":"uint256","name":"due","type":"uint256"},{"indexed":false,"internalType":"address","name":"clip","type":"address"},{"indexed":true,"internalType":"uint256","name":"id","type":"uint256"}],"name":"Bark","type":"event"},{"anonymous":false,"inputs":[],"name":"Cage","type":"event"},{"anonymous":false,"inputs":[{"indexed":true,"internalType":"address","name":"usr","type":"address"}],"name":"Deny","type":"event"},{"anonymous":false,"inputs":[{"indexed":true,"internalType":"bytes32","name":"ilk","type":"bytes32"},{"indexed":false,"internalType":"uint256","name":"rad","type":"uint256"}],"name":"Digs","type":"event"},{"anonymous":false,"inputs":[{"indexed":true,"internalType":"bytes32","name":"what","type":"bytes32"},{"indexed":false,"internalType":"uint256","name":"data","type":"uint256"}],"name":"File","type":"event"},{"anonymous":false,"inputs":[{"indexed":true,"internalType":"bytes32","name":"what","type":"bytes32"},{"indexed":false,"internalType":"address","name":"data","type":"address"}],"name":"File","type":"event"},{"anonymous":false,"inputs":[{"indexed":true,"internalType":"bytes32","name":"ilk","type":"bytes32"},{"indexed":true,"internalType":"bytes32","name":"what","type":"bytes32"},{"indexed":false,"internalType":"uint256","name":"data","type":"uint256"}],"name":"File","type":"event"},{"anonymous":false,"inputs":[{"indexed":true,"internalType":"bytes32","name":"ilk","type":"bytes32"},{"indexed":true,"internalType":"bytes32","name":"what","type":"bytes32"},{"indexed":false,"internalType":"address","name":"clip","type":"address"}],"name":"File","type":"event"},{"anonymous":false,"inputs":[{"indexed":true,"internalType":"address","name":"usr","type":"address"}],"name":"Rely","type":"event"},{"inputs":[],"name":"Dirt","outputs":[{"internalType":"uint256","name":"","type":"uint256"}],"stateMutability":"view","type":"function"},{"inputs":[],"name":"Hole","outputs":[{"internalType":"uint256","name":"","type":"uint256"}],"stateMutability":"view","type":"function"},{"inputs":[{"internalType":"bytes32","name":"ilk","type":"bytes32"},{"internalType":"address","name":"urn","type":"address"},{"internalType":"address","name":"kpr","type":"address"}],"name":"bark","outputs":[{"internalType":"uint256","name":"id","type":"uint256"}],"stateMutability":"nonpayable","type":"function"},{"inputs":[],"name":"cage","outputs":[],"stateMutability":"nonpayable","type":"function"},{"inputs":[{"internalType":"bytes32","name":"ilk","type":"bytes32"}],"name":"chop","outputs":[{"internalType":"uint256","name":"","type":"uint256"}],"stateMutability":"view","type":"function"},{"inputs":[{"internalType":"address","name":"usr","type":"address"}],"name":"deny","outputs":[],"stateMutability":"nonpayable","type":"function"},{"inputs":[{"internalType":"bytes32","name":"ilk","type":"bytes32"},{"internalType":"uint256","name":"rad","type":"uint256"}],"name":"digs","outputs":[],"stateMutability":"nonpayable","type":"function"},{"inputs":[{"internalType":"bytes32","name":"ilk","type":"bytes32"},{"internalType":"bytes32","name":"what","type":"bytes32"},{"internalType":"uint256","name":"data","type":"uint256"}],"name":"file","outputs":[],"stateMutability":"nonpayable","type":"function"},{"inputs":[{"internalType":"bytes32","name":"what","type":"bytes32"},{"internalType":"uint256","name":"data","type":"uint256"}],"name":"file","outputs":[],"stateMutability":"nonpayable","type":"function"},{"inputs":[{"internalType":"bytes32","name":"what","type":"bytes32"},{"internalType":"address","name":"data","type":"address"}],"name":"file","outputs":[],"stateMutability":"nonpayable","type":"function"},{"inputs":[{"internalType":"bytes32","name":"ilk","type":"bytes32"},{"internalType":"bytes32","name":"what","type":"bytes32"},{"internalType":"address","name":"clip","type":"address"}],"name":"file","outputs":[],"stateMutability":"nonpayable","type":"function"},{"inputs":[{"internalType":"bytes32","name":"","type":"bytes32"}],"name":"ilks","outputs":[{"internalType":"address","name":"clip","type":"address"},{"internalType":"uint256","name":"chop","type":"uint256"},{"internalType":"uint256","name":"hole","type":"uint256"},{"internalType":"uint256","name":"dirt","type":"uint256"}],"stateMutability":"view","type":"function"},{"inputs":[],"name":"live","outputs":[{"internalType":"uint256","name":"","type":"uint256"}],"stateMutability":"view","type":"function"},{"inputs":[{"internalType":"address","name":"usr","type":"address"}],"name":"rely","outputs":[],"stateMutability":"nonpayable","type":"function"},{"inputs":[],"name":"vat","outputs":[{"internalType":"contract VatLike","name":"","type":"address"}],"stateMutability":"view","type":"function"},{"inputs":[],"name":"vow","outputs":[{"internalType":"contract VowLike","name":"","type":"address"}],"stateMutability":"view","type":"function"},{"inputs":[{"internalType":"address","name":"","type":"address"}],"name":"wards","outputs":[{"internalType":"uint256","name":"","type":"uint256"}],"stateMutability":"view","type":"function"}]
