[{"inputs":[{"internalType":"uint256","name":"delay_","type":"uint256"},{"internalType":"address","name":"owner_","type":"address"},{"internalType":"contract DSAuthority","name":"authority_","type":"address"}],"payable":false,"stateMutability":"nonpayable","type":"constructor"},{"anonymous":true,"inputs":[{"indexed":true,"internalType":"bytes4","name":"sig","type":"bytes4"},{"indexed":true,"internalType":"address","name":"guy","type":"address"},{"indexed":true,"internalType":"bytes32","name":"foo","type":"bytes32"},{"indexed":true,"internalType":"bytes32","name":"bar","type":"bytes32"},{"indexed":false,"internalType":"uint256","name":"wad","type":"uint256"},{"indexed":false,"internalType":"bytes","name":"fax","type":"bytes"}],"name":"LogNote","type":"event"},{"anonymous":false,"inputs":[{"indexed":true,"internalType":"address","name":"authority","type":"address"}],"name":"LogSetAuthority","type":"event"},{"anonymous":false,"inputs":[{"indexed":true,"internalType":"address","name":"owner","type":"address"}],"name":"LogSetOwner","type":"event"},{"constant":true,"inputs":[],"name":"authority","outputs":[{"internalType":"contract DSAuthority","name":"","type":"address"}],"payable":false,"stateMutability":"view","type":"function"},{"constant":true,"inputs":[],"name":"delay","outputs":[{"internalType":"uint256","name":"","type":"uint256"}],"payable":false,"stateMutability":"view","type":"function"},{"constant":false,"inputs":[{"internalType":"address","name":"usr","type":"address"},{"internalType":"bytes32","name":"tag","type":"bytes32"},{"internalType":"bytes","name":"fax","type":"bytes"},{"internalType":"uint256","name":"eta","type":"uint256"}],"name":"drop","outputs":[],"payable":false,"stateMutability":"nonpayable","type":"function"},{"constant":false,"inputs":[{"internalType":"address","name":"usr","type":"address"},{"internalType":"bytes32","name":"tag","type":"bytes32"},{"internalType":"bytes","name":"fax","type":"bytes"},{"internalType":"uint256","name":"eta","type":"uint256"}],"name":"exec","outputs":[{"internalType":"bytes","name":"out","type":"bytes"}],"payable":false,"stateMutability":"nonpayable","type":"function"},{"constant":true,"inputs":[],"name":"owner","outputs":[{"internalType":"address","name":"","type":"address"}],"payable":false,"stateMutability":"view","type":"function"},{"constant":true,"inputs":[{"internalType":"bytes32","name":"","type":"bytes32"}],"name":"plans","outputs":[{"internalType":"bool","name":"","type":"bool"}],"payable":false,"stateMutability":"view","type":"function"},{"constant":false,"inputs":[{"internalType":"address","name":"usr","type":"address"},{"internalType":"bytes32","name":"tag","type":"bytes32"},{"internalType":"bytes","name":"fax","type":"bytes"},{"internalType":"uint256","name":"eta","type":"uint256"}],"name":"plot","outputs":[],"payable":false,"stateMutability":"nonpayable","type":"function"},{"constant":true,"inputs":[],"name":"proxy","outputs":[{"internalType":"contract DSPauseProxy","name":"","type":"address"}],"payable":false,"stateMutability":"view","type":"function"},{"constant":false,"inputs":[{"internalType":"contract DSAuthority","name":"authority_","type":"address"}],"name":"setAuthority","outputs":[],"payable":false,"stateMutability":"nonpayable","type":"function"},{"constant":false,"inputs":[{"internalType":"uint256","name":"delay_","type":"uint256"}],"name":"setDelay","outputs":[],"payable":false,"stateMutability":"nonpayable","type":"function"},{"constant":false,"inputs":[{"internalType":"address","name":"owner_","type":"address"}],"name":"setOwner","outputs":[],"payable":false,"stateMutability":"nonpayable","type":"function"}]
