[{"inputs":[{"internalType":"address","name":"vat_","type":"address"}],"stateMutability":"nonpayable","type":"constructor"},{"anonymous":false,"inputs":[{"indexed":true,"internalType":"address","name":"usr","type":"address"}],"name":"Deny","type":"event"},{"anonymous":false,"inputs":[{"indexed":true,"internalType":"bytes32","name":"ilk","type":"bytes32"},{"indexed":false,"internalType":"uint256","name":"line","type":"uint256"},{"indexed":false,"internalType":"uint256","name":"lineNew","type":"uint256"}],"name":"Exec","type":"event"},{"anonymous":false,"inputs":[{"indexed":true,"internalType":"address","name":"usr","type":"address"}],"name":"Rely","type":"event"},{"anonymous":false,"inputs":[{"indexed":true,"internalType":"bytes32","name":"ilk","type":"bytes32"}],"name":"Remove","type":"event"},{"anonymous":false,"inputs":[{"indexed":true,"internalType":"bytes32","name":"ilk","type":"bytes32"},{"indexed":false,"internalType":"uint256","name":"line","type":"uint256"},{"indexed":false,"internalType":"uint256","name":"gap","type":"uint256"},{"indexed":false,"internalType":"uint256","name":"ttl","type":"uint256"}],"name":"Setup","type":"event"},{"inputs":[{"internalType":"address","name":"usr","type":"address"}],"name":"deny","outputs":[],"stateMutability":"nonpayable","type":"function"},{"inputs":[{"internalType":"bytes32","name":"_ilk","type":"bytes32"}],"name":"exec","outputs":[{"internalType":"uint256","name":"","type":"uint256"}],"stateMutability":"nonpayable","type":"function"},{"inputs":[{"internalType":"bytes32","name":"","type":"bytes32"}],"name":"ilks","outputs":[{"internalType":"uint256","name":"line","type":"uint256"},{"internalType":"uint256","name":"gap","type":"uint256"},{"internalType":"uint48","name":"ttl","type":"uint48"},{"internalType":"uint48","name":"last","type":"uint48"},{"internalType":"uint48","name":"lastInc","type":"uint48"}],"stateMutability":"view","type":"function"},{"inputs":[{"internalType":"address","name":"usr","type":"address"}],"name":"rely","outputs":[],"stateMutability":"nonpayable","type":"function"},{"inputs":[{"internalType":"bytes32","name":"ilk","type":"bytes32"}],"name":"remIlk","outputs":[],"stateMutability":"nonpayable","type":"function"},{"inputs":[{"internalType":"bytes32","name":"ilk","type":"bytes32"},{"internalType":"uint256","name":"line","type":"uint256"},{"internalType":"uint256","name":"gap","type":"uint256"},{"internalType":"uint256","name":"ttl","type":"uint256"}],"name":"setIlk","outputs":[],"stateMutability":"nonpayable","type":"function"},{"inputs":[],"name":"vat","outputs":[{"internalType":"contract VatLike","name":"","type":"address"}],"stateMutability":"view","type":"function"},{"inputs":[{"internalType":"address","name":"","type":"address"}],"name":"wards","outputs":[{"internalType":"uint256","name":"","type":"uint256"}],"stateMutability":"view","type":"function"}]
