[{"inputs":[{"internalType":"address","name":"gem_","type":"address"},{"internalType":"address","name":"end_","type":"address"},{"internalType":"address","name":"proxy_","type":"address"},{"internalType":"uint256","name":"min_","type":"uint256"}],"stateMutability":"nonpayable","type":"constructor"},{"anonymous":false,"inputs":[],"name":"Fire","type":"event"},{"anonymous":false,"inputs":[{"indexed":true,"internalType":"address","name":"usr","type":"address"},{"indexed":false,"internalType":"uint256","name":"wad","type":"uint256"}],"name":"Join","type":"event"},{"inputs":[],"name":"Sum","outputs":[{"internalType":"uint256","name":"","type":"uint256"}],"stateMutability":"view","type":"function"},{"inputs":[],"name":"burn","outputs":[],"stateMutability":"nonpayable","type":"function"},{"inputs":[{"internalType":"address","name":"target","type":"address"}],"name":"deny","outputs":[],"stateMutability":"nonpayable","type":"function"},{"inputs":[],"name":"end","outputs":[{"internalType":"contract EndLike","name":"","type":"address"}],"stateMutability":"view","type":"function"},{"inputs":[],"name":"fire","outputs":[],"stateMutability":"nonpayable","type":"function"},{"inputs":[],"name":"gem","outputs":[{"internalType":"contract GemLike","name":"","type":"address"}],"stateMutability":"view","type":"function"},{"inputs":[{"internalType":"uint256","name":"wad","type":"uint256"}],"name":"join","outputs":[],"stateMutability":"nonpayable","type":"function"},{"inputs":[],"name":"min","outputs":[{"internalType":"uint256","name":"","type":"uint256"}],"stateMutability":"view","type":"function"},{"inputs":[],"name":"proxy","outputs":[{"internalType":"address","name":"","type":"address"}],"stateMutability":"view","type":"function"},{"inputs":[],"name":"revokesGovernanceAccess","outputs":[{"internalType":"bool","name":"ret","type":"bool"}],"stateMutability":"view","type":"function"},{"inputs":[{"internalType":"address","name":"","type":"address"}],"name":"sum","outputs":[{"internalType":"uint256","name":"","type":"uint256"}],"stateMutability":"view","type":"function"}]
