[{"type": "constructor", "payable": false, "stateMutability": "nonpayable", "inputs": [{"name": "vat_", "internalType": "address", "type": "address"}, {"name": "gem_", "internalType": "address", "type": "address"}]}, {"type": "event", "name": "Kick", "anonymous": false, "inputs": [{"name": "id", "indexed": false, "internalType": "uint256", "type": "uint256"}, {"name": "lot", "indexed": false, "internalType": "uint256", "type": "uint256"}, {"name": "bid", "indexed": false, "internalType": "uint256", "type": "uint256"}, {"name": "gal", "indexed": true, "internalType": "address", "type": "address"}]}, {"type": "event", "name": "LogNote", "anonymous": true, "inputs": [{"name": "sig", "indexed": true, "internalType": "bytes4", "type": "bytes4"}, {"name": "usr", "indexed": true, "internalType": "address", "type": "address"}, {"name": "arg1", "indexed": true, "internalType": "bytes32", "type": "bytes32"}, {"name": "arg2", "indexed": true, "internalType": "bytes32", "type": "bytes32"}, {"name": "data", "indexed": false, "internalType": "bytes", "type": "bytes"}]}, {"outputs": [{"name": "", "internalType": "uint256", "type": "uint256"}], "name": "beg", "constant": true, "payable": false, "stateMutability": "view", "inputs": [], "type": "function"}, {"outputs": [{"name": "bid", "internalType": "uint256", "type": "uint256"}, {"name": "lot", "internalType": "uint256", "type": "uint256"}, {"name": "guy", "internalType": "address", "type": "address"}, {"name": "tic", "internalType": "uint48", "type": "uint48"}, {"name": "end", "internalType": "uint48", "type": "uint48"}], "name": "bids", "constant": true, "payable": false, "stateMutability": "view", "inputs": [{"name": "", "internalType": "uint256", "type": "uint256"}], "type": "function"}, {"outputs": [], "name": "cage", "constant": false, "payable": false, "stateMutability": "nonpayable", "inputs": [], "type": "function"}, {"outputs": [], "name": "deal", "constant": false, "payable": false, "stateMutability": "nonpayable", "inputs": [{"name": "id", "internalType": "uint256", "type": "uint256"}], "type": "function"}, {"outputs": [], "name": "dent", "constant": false, "payable": false, "stateMutability": "nonpayable", "inputs": [{"name": "id", "internalType": "uint256", "type": "uint256"}, {"name": "lot", "internalType": "uint256", "type": "uint256"}, {"name": "bid", "internalType": "uint256", "type": "uint256"}], "type": "function"}, {"outputs": [], "name": "deny", "constant": false, "payable": false, "stateMutability": "nonpayable", "inputs": [{"name": "usr", "internalType": "address", "type": "address"}], "type": "function"}, {"outputs": [], "name": "file", "constant": false, "payable": false, "stateMutability": "nonpayable", "inputs": [{"name": "what", "internalType": "bytes32", "type": "bytes32"}, {"name": "data", "internalType": "uint256", "type": "uint256"}], "type": "function"}, {"outputs": [{"name": "", "internalType": "contract GemLike", "type": "address"}], "name": "gem", "constant": true, "payable": false, "stateMutability": "view", "inputs": [], "type": "function"}, {"outputs": [{"name": "id", "internalType": "uint256", "type": "uint256"}], "name": "kick", "constant": false, "payable": false, "stateMutability": "nonpayable", "inputs": [{"name": "gal", "internalType": "address", "type": "address"}, {"name": "lot", "internalType": "uint256", "type": "uint256"}, {"name": "bid", "internalType": "uint256", "type": "uint256"}], "type": "function"}, {"outputs": [{"name": "", "internalType": "uint256", "type": "uint256"}], "name": "kicks", "constant": true, "payable": false, "stateMutability": "view", "inputs": [], "type": "function"}, {"outputs": [{"name": "", "internalType": "uint256", "type": "uint256"}], "name": "live", "constant": true, "payable": false, "stateMutability": "view", "inputs": [], "type": "function"}, {"outputs": [{"name": "", "internalType": "uint256", "type": "uint256"}], "name": "pad", "constant": true, "payable": false, "stateMutability": "view", "inputs": [], "type": "function"}, {"outputs": [], "name": "rely", "constant": false, "payable": false, "stateMutability": "nonpayable", "inputs": [{"name": "usr", "internalType": "address", "type": "address"}], "type": "function"}, {"outputs": [{"name": "", "internalType": "uint48", "type": "uint48"}], "name": "tau", "constant": true, "payable": false, "stateMutability": "view", "inputs": [], "type": "function"}, {"outputs": [], "name": "tick", "constant": false, "payable": false, "stateMutability": "nonpayable", "inputs": [{"name": "id", "internalType": "uint256", "type": "uint256"}], "type": "function"}, {"outputs": [{"name": "", "internalType": "uint48", "type": "uint48"}], "name": "ttl", "constant": true, "payable": false, "stateMutability": "view", "inputs": [], "type": "function"}, {"outputs": [{"name": "", "internalType": "contract VatLike", "type": "address"}], "name": "vat", "constant": true, "payable": false, "stateMutability": "view", "inputs": [], "type": "function"}, {"outputs": [{"name": "", "internalType": "uint256", "type": "uint256"}], "name": "wards", "constant": true, "payable": false, "stateMutability": "view", "inputs": [{"name": "", "internalType": "address", "type": "address"}], "type": "function"}, {"outputs": [], "name": "yank", "constant": false, "payable": false, "stateMutability": "nonpayable", "inputs": [{"name": "id", "internalType": "uint256", "type": "uint256"}], "type": "function"}]
