[{"inputs":[{"internalType":"address","name":"_src","type":"address"},{"internalType":"bytes32","name":"_wat","type":"bytes32"},{"internalType":"address","name":"_orb0","type":"address"},{"internalType":"address","name":"_orb1","type":"address"}],"stateMutability":"nonpayable","type":"constructor"},{"anonymous":false,"inputs":[{"indexed":true,"internalType":"address","name":"src","type":"address"}],"name":"Change","type":"event"},{"anonymous":false,"inputs":[{"indexed":true,"internalType":"address","name":"usr","type":"address"}],"name":"Deny","type":"event"},{"anonymous":false,"inputs":[{"indexed":false,"internalType":"uint256","name":"id","type":"uint256"},{"indexed":false,"internalType":"address","name":"orb","type":"address"}],"name":"Link","type":"event"},{"anonymous":false,"inputs":[{"indexed":true,"internalType":"address","name":"usr","type":"address"}],"name":"Rely","type":"event"},{"anonymous":false,"inputs":[],"name":"Start","type":"event"},{"anonymous":false,"inputs":[{"indexed":false,"internalType":"uint256","name":"hop","type":"uint256"}],"name":"Step","type":"event"},{"anonymous":false,"inputs":[],"name":"Stop","type":"event"},{"anonymous":false,"inputs":[{"indexed":false,"internalType":"uint128","name":"curVal","type":"uint128"},{"indexed":false,"internalType":"uint128","name":"nxtVal","type":"uint128"}],"name":"Value","type":"event"},{"inputs":[{"internalType":"address","name":"","type":"address"}],"name":"bud","outputs":[{"internalType":"uint256","name":"","type":"uint256"}],"stateMutability":"view","type":"function"},{"inputs":[{"internalType":"address","name":"_src","type":"address"}],"name":"change","outputs":[],"stateMutability":"nonpayable","type":"function"},{"inputs":[],"name":"cur","outputs":[{"internalType":"uint128","name":"val","type":"uint128"},{"internalType":"uint128","name":"has","type":"uint128"}],"stateMutability":"view","type":"function"},{"inputs":[],"name":"dec0","outputs":[{"internalType":"uint8","name":"","type":"uint8"}],"stateMutability":"view","type":"function"},{"inputs":[],"name":"dec1","outputs":[{"internalType":"uint8","name":"","type":"uint8"}],"stateMutability":"view","type":"function"},{"inputs":[{"internalType":"address","name":"usr","type":"address"}],"name":"deny","outputs":[],"stateMutability":"nonpayable","type":"function"},{"inputs":[{"internalType":"address[]","name":"a","type":"address[]"}],"name":"diss","outputs":[],"stateMutability":"nonpayable","type":"function"},{"inputs":[{"internalType":"address","name":"a","type":"address"}],"name":"diss","outputs":[],"stateMutability":"nonpayable","type":"function"},{"inputs":[],"name":"hop","outputs":[{"internalType":"uint32","name":"","type":"uint32"}],"stateMutability":"view","type":"function"},{"inputs":[{"internalType":"address[]","name":"a","type":"address[]"}],"name":"kiss","outputs":[],"stateMutability":"nonpayable","type":"function"},{"inputs":[{"internalType":"address","name":"a","type":"address"}],"name":"kiss","outputs":[],"stateMutability":"nonpayable","type":"function"},{"inputs":[{"internalType":"uint256","name":"id","type":"uint256"},{"internalType":"address","name":"orb","type":"address"}],"name":"link","outputs":[],"stateMutability":"nonpayable","type":"function"},{"inputs":[],"name":"nxt","outputs":[{"internalType":"uint128","name":"val","type":"uint128"},{"internalType":"uint128","name":"has","type":"uint128"}],"stateMutability":"view","type":"function"},{"inputs":[],"name":"orb0","outputs":[{"internalType":"address","name":"","type":"address"}],"stateMutability":"view","type":"function"},{"inputs":[],"name":"orb1","outputs":[{"internalType":"address","name":"","type":"address"}],"stateMutability":"view","type":"function"},{"inputs":[],"name":"pass","outputs":[{"internalType":"bool","name":"ok","type":"bool"}],"stateMutability":"view","type":"function"},{"inputs":[],"name":"peek","outputs":[{"internalType":"bytes32","name":"","type":"bytes32"},{"internalType":"bool","name":"","type":"bool"}],"stateMutability":"view","type":"function"},{"inputs":[],"name":"peep","outputs":[{"internalType":"bytes32","name":"","type":"bytes32"},{"internalType":"bool","name":"","type":"bool"}],"stateMutability":"view","type":"function"},{"inputs":[],"name":"poke","outputs":[],"stateMutability":"nonpayable","type":"function"},{"inputs":[],"name":"read","outputs":[{"internalType":"bytes32","name":"","type":"bytes32"}],"stateMutability":"view","type":"function"},{"inputs":[{"internalType":"address","name":"usr","type":"address"}],"name":"rely","outputs":[],"stateMutability":"nonpayable","type":"function"},{"inputs":[],"name":"src","outputs":[{"internalType":"address","name":"","type":"address"}],"stateMutability":"view","type":"function"},{"inputs":[],"name":"start","outputs":[],"stateMutability":"nonpayable","type":"function"},{"inputs":[{"internalType":"uint256","name":"_hop","type":"uint256"}],"name":"step","outputs":[],"stateMutability":"nonpayable","type":"function"},{"inputs":[],"name":"stop","outputs":[],"stateMutability":"nonpayable","type":"function"},{"inputs":[],"name":"stopped","outputs":[{"internalType":"uint256","name":"","type":"uint256"}],"stateMutability":"view","type":"function"},{"inputs":[{"internalType":"address","name":"","type":"address"}],"name":"wards","outputs":[{"internalType":"uint256","name":"","type":"uint256"}],"stateMutability":"view","type":"function"},{"inputs":[],"name":"wat","outputs":[{"internalType":"bytes32","name":"","type":"bytes32"}],"stateMutability":"view","type":"function"},{"inputs":[],"name":"zzz","outputs":[{"internalType":"uint32","name":"","type":"uint32"}],"stateMutability":"view","type":"function"}]
