[
    {
        "constant": false,
        "inputs": [
            {
                "name": "owner_",
                "type": "address"
            }
        ],
        "name": "setOwner",
        "outputs": [],
        "payable": false,
        "stateMutability": "nonpayable",
        "type": "function"
    },
    {
        "constant": false,
        "inputs": [
            {
                "name": "authority_",
                "type": "address"
            }
        ],
        "name": "setAuthority",
        "outputs": [],
        "payable": false,
        "stateMutability": "nonpayable",
        "type": "function"
    },
    {
        "constant": true,
        "inputs": [],
        "name": "owner",
        "outputs": [
            {
                "name": "",
                "type": "address"
            }
        ],
        "payable": false,
        "stateMutability": "view",
        "type": "function"
    },
    {
        "constant": true,
        "inputs": [],
        "name": "authority",
        "outputs": [
            {
                "name": "",
                "type": "address"
            }
        ],
        "payable": false,
        "stateMutability": "view",
        "type": "function"
    },
    {
        "inputs": [],
        "payable": false,
        "stateMutability": "nonpayable",
        "type": "constructor"
    },
    {
        "anonymous": false,
        "inputs": [
            {
                "indexed": true,
                "name": "authority",
                "type": "address"
            }
        ],
        "name": "LogSetAuthority",
        "type": "event"
    },
    {
        "anonymous": false,
        "inputs": [
            {
                "indexed": true,
                "name": "owner",
                "type": "address"
            }
        ],
        "name": "LogSetOwner",
        "type": "event"
    }
]