[
    {
        "inputs": [
            {
                "internalType": "address",
                "name": "pot_",
                "type": "address"
            },
            {
                "internalType": "address",
                "name": "daiJoin_",
                "type": "address"
            }
        ],
        "payable": false,
        "stateMutability": "nonpayable",
        "type": "constructor"
    },
    {
        "anonymous": false,
        "inputs": [
            {
                "indexed": true,
                "internalType": "address",
                "name": "dst",
                "type": "address"
            },
            {
                "indexed": false,
                "internalType": "uint256",
                "name": "wad",
                "type": "uint256"
            }
        ],
        "name": "Exit",
        "type": "event"
    },
    {
        "anonymous": false,
        "inputs": [
            {
                "indexed": true,
                "internalType": "address",
                "name": "dst",
                "type": "address"
            },
            {
                "indexed": false,
                "internalType": "uint256",
                "name": "wad",
                "type": "uint256"
            }
        ],
        "name": "Join",
        "type": "event"
    },
    {
        "constant": true,
        "inputs": [],
        "name": "dai",
        "outputs": [
            {
                "internalType": "contract GemLike",
                "name": "",
                "type": "address"
            }
        ],
        "payable": false,
        "stateMutability": "view",
        "type": "function"
    },
    {
        "constant": false,
        "inputs": [
            {
                "internalType": "address",
                "name": "usr",
                "type": "address"
            }
        ],
        "name": "daiBalance",
        "outputs": [
            {
                "internalType": "uint256",
                "name": "wad",
                "type": "uint256"
            }
        ],
        "payable": false,
        "stateMutability": "nonpayable",
        "type": "function"
    },
    {
        "constant": true,
        "inputs": [],
        "name": "daiJoin",
        "outputs": [
            {
                "internalType": "contract JoinLike",
                "name": "",
                "type": "address"
            }
        ],
        "payable": false,
        "stateMutability": "view",
        "type": "function"
    },
    {
        "constant": false,
        "inputs": [
            {
                "internalType": "address",
                "name": "dst",
                "type": "address"
            },
            {
                "internalType": "uint256",
                "name": "wad",
                "type": "uint256"
            }
        ],
        "name": "exit",
        "outputs": [],
        "payable": false,
        "stateMutability": "nonpayable",
        "type": "function"
    },
    {
        "constant": false,
        "inputs": [
            {
                "internalType": "address",
                "name": "dst",
                "type": "address"
            }
        ],
        "name": "exitAll",
        "outputs": [],
        "payable": false,
        "stateMutability": "nonpayable",
        "type": "function"
    },
    {
        "constant": false,
        "inputs": [
            {
                "internalType": "address",
                "name": "dst",
                "type": "address"
            },
            {
                "internalType": "uint256",
                "name": "wad",
                "type": "uint256"
            }
        ],
        "name": "join",
        "outputs": [],
        "payable": false,
        "stateMutability": "nonpayable",
        "type": "function"
    },
    {
        "constant": true,
        "inputs": [
            {
                "internalType": "address",
                "name": "",
                "type": "address"
            }
        ],
        "name": "pieOf",
        "outputs": [
            {
                "internalType": "uint256",
                "name": "",
                "type": "uint256"
            }
        ],
        "payable": false,
        "stateMutability": "view",
        "type": "function"
    },
    {
        "constant": true,
        "inputs": [],
        "name": "pot",
        "outputs": [
            {
                "internalType": "contract PotLike",
                "name": "",
                "type": "address"
            }
        ],
        "payable": false,
        "stateMutability": "view",
        "type": "function"
    },
    {
        "constant": true,
        "inputs": [],
        "name": "supply",
        "outputs": [
            {
                "internalType": "uint256",
                "name": "",
                "type": "uint256"
            }
        ],
        "payable": false,
        "stateMutability": "view",
        "type": "function"
    }
]