[
    {
        "constant": false,
        "inputs": [
            {
                "name": "guy",
                "type": "address"
            },
            {
                "name": "wad",
                "type": "uint256"
            }
        ],
        "name": "approve",
        "outputs": [
            {
                "name": "",
                "type": "bool"
            }
        ],
        "payable": false,
        "type": "function"
    },
    {
        "constant": true,
        "inputs": [],
        "name": "totalSupply",
        "outputs": [
            {
                "name": "",
                "type": "uint256"
            }
        ],
        "payable": false,
        "type": "function"
    },
    {
        "constant": false,
        "inputs": [
            {
                "name": "src",
                "type": "address"
            },
            {
                "name": "dst",
                "type": "address"
            },
            {
                "name": "wad",
                "type": "uint256"
            }
        ],
        "name": "transferFrom",
        "outputs": [
            {
                "name": "",
                "type": "bool"
            }
        ],
        "payable": false,
        "type": "function"
    },
    {
        "constant": true,
        "inputs": [
            {
                "name": "src",
                "type": "address"
            }
        ],
        "name": "balanceOf",
        "outputs": [
            {
                "name": "",
                "type": "uint256"
            }
        ],
        "payable": false,
        "type": "function"
    },
    {
        "constant": false,
        "inputs": [
            {
                "name": "dst",
                "type": "address"
            },
            {
                "name": "wad",
                "type": "uint256"
            }
        ],
        "name": "transfer",
        "outputs": [
            {
                "name": "",
                "type": "bool"
            }
        ],
        "payable": false,
        "type": "function"
    },
    {
        "constant": true,
        "inputs": [
            {
                "name": "src",
                "type": "address"
            },
            {
                "name": "guy",
                "type": "address"
            }
        ],
        "name": "allowance",
        "outputs": [
            {
                "name": "",
                "type": "uint256"
            }
        ],
        "payable": false,
        "type": "function"
    },
    {
        "inputs": [
            {
                "name": "supply",
                "type": "uint256"
            }
        ],
        "payable": false,
        "type": "constructor"
    },
    {
        "anonymous": false,
        "inputs": [
            {
                "indexed": true,
                "name": "from",
                "type": "address"
            },
            {
                "indexed": true,
                "name": "to",
                "type": "address"
            },
            {
                "indexed": false,
                "name": "value",
                "type": "uint256"
            }
        ],
        "name": "Transfer",
        "type": "event"
    },
    {
        "anonymous": false,
        "inputs": [
            {
                "indexed": true,
                "name": "owner",
                "type": "address"
            },
            {
                "indexed": true,
                "name": "spender",
                "type": "address"
            },
            {
                "indexed": false,
                "name": "value",
                "type": "uint256"
            }
        ],
        "name": "Approval",
        "type": "event"
    }
]