[
    {
        "constant": false,
        "inputs": [
            {
                "name": "ilk",
                "type": "bytes32"
            },
            {
                "name": "what",
                "type": "bytes32"
            },
            {
                "name": "data",
                "type": "uint256"
            }
        ],
        "name": "file",
        "outputs": [],
        "payable": false,
        "stateMutability": "nonpayable",
        "type": "function"
    },
    {
        "constant": false,
        "inputs": [
            {
                "name": "what",
                "type": "bytes32"
            },
            {
                "name": "data",
                "type": "uint256"
            }
        ],
        "name": "file",
        "outputs": [],
        "payable": false,
        "stateMutability": "nonpayable",
        "type": "function"
    },
    {
        "constant": true,
        "inputs": [],
        "name": "vat",
        "outputs": [
            {
                "name": "",
                "type": "address"
            }
        ],
        "payable": false,
        "stateMutability": "view",
        "type": "function"
    },
    {
        "constant": false,
        "inputs": [
            {
                "name": "ilk",
                "type": "bytes32"
            },
            {
                "name": "dink",
                "type": "int256"
            },
            {
                "name": "dart",
                "type": "int256"
            }
        ],
        "name": "frob",
        "outputs": [],
        "payable": false,
        "stateMutability": "nonpayable",
        "type": "function"
    },
    {
        "constant": false,
        "inputs": [
            {
                "name": "guy",
                "type": "address"
            }
        ],
        "name": "rely",
        "outputs": [],
        "payable": false,
        "stateMutability": "nonpayable",
        "type": "function"
    },
    {
        "constant": true,
        "inputs": [],
        "name": "live",
        "outputs": [
            {
                "name": "",
                "type": "uint256"
            }
        ],
        "payable": false,
        "stateMutability": "view",
        "type": "function"
    },
    {
        "constant": false,
        "inputs": [
            {
                "name": "guy",
                "type": "address"
            }
        ],
        "name": "deny",
        "outputs": [],
        "payable": false,
        "stateMutability": "nonpayable",
        "type": "function"
    },
    {
        "constant": true,
        "inputs": [],
        "name": "Line",
        "outputs": [
            {
                "name": "",
                "type": "uint256"
            }
        ],
        "payable": false,
        "stateMutability": "view",
        "type": "function"
    },
    {
        "constant": true,
        "inputs": [
            {
                "name": "",
                "type": "address"
            }
        ],
        "name": "wards",
        "outputs": [
            {
                "name": "",
                "type": "uint256"
            }
        ],
        "payable": false,
        "stateMutability": "view",
        "type": "function"
    },
    {
        "constant": true,
        "inputs": [
            {
                "name": "",
                "type": "bytes32"
            }
        ],
        "name": "ilks",
        "outputs": [
            {
                "name": "spot",
                "type": "uint256"
            },
            {
                "name": "line",
                "type": "uint256"
            }
        ],
        "payable": false,
        "stateMutability": "view",
        "type": "function"
    },
    {
        "inputs": [
            {
                "name": "vat_",
                "type": "address"
            }
        ],
        "payable": false,
        "stateMutability": "nonpayable",
        "type": "constructor"
    },
    {
        "anonymous": false,
        "inputs": [
            {
                "indexed": true,
                "name": "ilk",
                "type": "bytes32"
            },
            {
                "indexed": true,
                "name": "urn",
                "type": "bytes32"
            },
            {
                "indexed": false,
                "name": "ink",
                "type": "uint256"
            },
            {
                "indexed": false,
                "name": "art",
                "type": "uint256"
            },
            {
                "indexed": false,
                "name": "dink",
                "type": "int256"
            },
            {
                "indexed": false,
                "name": "dart",
                "type": "int256"
            },
            {
                "indexed": false,
                "name": "iInk",
                "type": "uint256"
            },
            {
                "indexed": false,
                "name": "iArt",
                "type": "uint256"
            }
        ],
        "name": "Frob",
        "type": "event"
    },
    {
        "anonymous": true,
        "inputs": [
            {
                "indexed": true,
                "name": "sig",
                "type": "bytes4"
            },
            {
                "indexed": true,
                "name": "guy",
                "type": "address"
            },
            {
                "indexed": true,
                "name": "foo",
                "type": "bytes32"
            },
            {
                "indexed": true,
                "name": "bar",
                "type": "bytes32"
            },
            {
                "indexed": false,
                "name": "wad",
                "type": "uint256"
            },
            {
                "indexed": false,
                "name": "fax",
                "type": "bytes"
            }
        ],
        "name": "LogNote",
        "type": "event"
    }
]