[
    {
        "inputs": [],
        "payable": false,
        "stateMutability": "nonpayable",
        "type": "constructor"
    },
    {
        "anonymous": true,
        "inputs": [
            {
                "indexed": true,
                "internalType": "bytes4",
                "name": "sig",
                "type": "bytes4"
            },
            {
                "indexed": true,
                "internalType": "address",
                "name": "usr",
                "type": "address"
            },
            {
                "indexed": true,
                "internalType": "bytes32",
                "name": "arg1",
                "type": "bytes32"
            },
            {
                "indexed": true,
                "internalType": "bytes32",
                "name": "arg2",
                "type": "bytes32"
            },
            {
                "indexed": false,
                "internalType": "bytes",
                "name": "data",
                "type": "bytes"
            }
        ],
        "name": "LogNote",
        "type": "event"
    },
    {
        "constant": true,
        "inputs": [
            {
                "internalType": "address",
                "name": "",
                "type": "address"
            }
        ],
        "name": "amt",
        "outputs": [
            {
                "internalType": "uint256",
                "name": "",
                "type": "uint256"
            }
        ],
        "payable": false,
        "stateMutability": "view",
        "type": "function"
    },
    {
        "constant": false,
        "inputs": [
            {
                "internalType": "address",
                "name": "guy",
                "type": "address"
            }
        ],
        "name": "deny",
        "outputs": [],
        "payable": false,
        "stateMutability": "nonpayable",
        "type": "function"
    },
    {
        "constant": true,
        "inputs": [
            {
                "internalType": "address",
                "name": "",
                "type": "address"
            },
            {
                "internalType": "address",
                "name": "",
                "type": "address"
            }
        ],
        "name": "done",
        "outputs": [
            {
                "internalType": "bool",
                "name": "",
                "type": "bool"
            }
        ],
        "payable": false,
        "stateMutability": "view",
        "type": "function"
    },
    {
        "constant": false,
        "inputs": [
            {
                "internalType": "address",
                "name": "gem",
                "type": "address"
            },
            {
                "internalType": "address[]",
                "name": "addrs",
                "type": "address[]"
            }
        ],
        "name": "gulp",
        "outputs": [],
        "payable": false,
        "stateMutability": "nonpayable",
        "type": "function"
    },
    {
        "constant": false,
        "inputs": [
            {
                "internalType": "address",
                "name": "gem",
                "type": "address"
            }
        ],
        "name": "gulp",
        "outputs": [],
        "payable": false,
        "stateMutability": "nonpayable",
        "type": "function"
    },
    {
        "constant": false,
        "inputs": [
            {
                "internalType": "address",
                "name": "guy",
                "type": "address"
            }
        ],
        "name": "rely",
        "outputs": [],
        "payable": false,
        "stateMutability": "nonpayable",
        "type": "function"
    },
    {
        "constant": false,
        "inputs": [
            {
                "internalType": "address",
                "name": "gem",
                "type": "address"
            },
            {
                "internalType": "uint256",
                "name": "amt_",
                "type": "uint256"
            }
        ],
        "name": "setAmt",
        "outputs": [],
        "payable": false,
        "stateMutability": "nonpayable",
        "type": "function"
    },
    {
        "constant": false,
        "inputs": [
            {
                "internalType": "contract ERC20Like",
                "name": "gem",
                "type": "address"
            }
        ],
        "name": "shut",
        "outputs": [],
        "payable": false,
        "stateMutability": "nonpayable",
        "type": "function"
    },
    {
        "constant": true,
        "inputs": [
            {
                "internalType": "address",
                "name": "",
                "type": "address"
            }
        ],
        "name": "wards",
        "outputs": [
            {
                "internalType": "uint256",
                "name": "",
                "type": "uint256"
            }
        ],
        "payable": false,
        "stateMutability": "view",
        "type": "function"
    }
]